,image name,total mito area,total channel 1 int,total channel 2 int,total channel 3 int,total mtDNA,avg channel 1 int,avg channel 2 int,avg channel 3 int,norm mtDNA
0,DMSO96hr_RNR2-647_TOM20-488_dsDNA-405-01-Airyscan Processing-Extended Depth of Focus_objectfeatures,437.56733903053225,1094312297,5429716671,1464110367,956,2500900.3172506937,12408871.01635602,12408871.01635602,2.184806576555964
1,DMSO96hr_RNR2-647_TOM20-488_dsDNA-405-02-Airyscan Processing-Extended Depth of Focus_objectfeatures,398.4191309391403,965622453,5087137025,1319219000,873,2423634.7554994836,12768305.108765159,12768305.108765159,2.191159842004056
2,DMSO96hr_RNR2-647_TOM20-488_dsDNA-405-03-Airyscan Processing-Extended Depth of Focus_objectfeatures,332.5218274080102,594109879,2599768452,954034204,830,1786679.3396122432,7818339.2418628745,7818339.2418628745,2.496076743201508
3,DMSO96hr_RNR2-647_TOM20-488_dsDNA-405-04-Airyscan Processing-Extended Depth of Focus_objectfeatures,333.4960167077107,893668683,2895033787,968932042,815,2679698.2219528193,8680864.663931875,8680864.663931875,2.4438072995465454
4,DMSO96hr_RNR2-647_TOM20-488_dsDNA-405-05-Airyscan Processing-Extended Depth of Focus_objectfeatures,373.51501548962887,1084300945,3747769861,1179294120,925,2902964.807395024,10033786.342129162,10033786.342129162,2.476473399034433
5,DMSO96hr_RNR2-647_TOM20-488_dsDNA-405-06-Airyscan Processing-Extended Depth of Focus_objectfeatures,271.88352659718464,742928892,3029344489,856146137,636,2732526.3185242685,11142067.071566993,11142067.071566993,2.3392369812176246
6,DMSO96hr_RNR2-647_TOM20-488_dsDNA-405-07-Airyscan Processing-Extended Depth of Focus_objectfeatures,688.0311587071628,2725903668,4169978876,1070325975,1200,3961889.8555729343,6060741.324325415,6060741.324325415,1.744107057963547
7,DMSO96hr_RNR2-647_TOM20-488_dsDNA-405-08-Airyscan Processing-Extended Depth of Focus_objectfeatures,458.91167708559954,1610826512,2573463218,579823167,571,3510101.3821000177,5607752.747420238,5607752.747420238,1.2442481386096718
