,image name,total mito area,total channel 1 int,total channel 2 int,total channel 3 int,total mtDNA,avg channel 1 int,avg channel 2 int,avg channel 3 int,norm mtDNA
0,DMSO96hr_tRNAs-647_TOM20-488_dsDNA-405-01-Airyscan Processing-Extended Depth of Focus_objectfeatures,699.0829750349412,565155217,4328537952,1493355659,1550,808423.6595402036,6191737.0420637885,6191737.0420637885,2.2171903126700068
1,DMSO96hr_tRNAs-647_TOM20-488_dsDNA-405-02-Airyscan Processing-Extended Depth of Focus_objectfeatures,603.0194389193192,528609869,4459358767,1445109896,1377,876605.0227955009,7395049.776490934,7395049.776490934,2.283508476057992
2,DMSO96hr_tRNAs-647_TOM20-488_dsDNA-405-03-Airyscan Processing-Extended Depth of Focus_objectfeatures,742.7533150421859,671547266,4616916573,1219210015,1438,904132.303955935,6215948.794166977,6215948.794166977,1.9360398275951503
3,DMSO96hr_tRNAs-647_TOM20-488_dsDNA-405-04-Airyscan Processing-Extended Depth of Focus_objectfeatures,689.1959502621585,622026735,5405598038,1329535856,1265,902539.7418011402,7843339.816410416,7843339.816410416,1.835472189757957
4,DMSO96hr_tRNAs-647_TOM20-488_dsDNA-405-05-Airyscan Processing-Extended Depth of Focus_objectfeatures,235.84039117477528,223098570,2377515757,695098534,652,945972.693179038,10081037.201291291,10081037.201291291,2.7645815746498634
5,DMSO96hr_tRNAs-647_TOM20-488_dsDNA-405-06-Airyscan Processing-Extended Depth of Focus_objectfeatures,479.77639508798757,388684506,5028920033,1504995266,1114,810136.7845092046,10481799.614334365,10481799.614334365,2.3219149824903336
6,DMSO96hr_tRNAs-647_TOM20-488_dsDNA-405-07-Airyscan Processing-Extended Depth of Focus_objectfeatures,422.1603234841634,376146335,3105286465,853992505,882,891003.521826964,7355704.201123224,7355704.201123224,2.0892536577589738
7,DMSO96hr_tRNAs-647_TOM20-488_dsDNA-405-08-Airyscan Processing-Extended Depth of Focus_objectfeatures,242.84658122493562,221830345,2856307788,704368418,531,913458.7931239213,11761778.871222226,11761778.871222226,2.186565679951506
