,image name,total mito area,total channel 1 int,total channel 2 int,total channel 3 int,total mtDNA,avg channel 1 int,avg channel 2 int,avg channel 3 int,norm mtDNA
0,DMSO96hr_ND4-647_TOM20-488_dsDNA-405-01-Airyscan Processing-Extended Depth of Focus_objectfeatures,177.6419237940664,10933021,762971178,219808936,310,61545.27471045765,4294995.019781951,4294995.019781951,1.745083555610281
1,DMSO96hr_ND4-647_TOM20-488_dsDNA-405-02-Airyscan Processing-Extended Depth of Focus_objectfeatures,211.26204363165365,16789063,1062306003,348898245,441,79470.32373346062,5028380.795426677,5028380.795426677,2.0874549560303715
2,DMSO96hr_ND4-647_TOM20-488_dsDNA-405-03-Airyscan Processing-Extended Depth of Focus_objectfeatures,470.3559098184141,75712637,3237714655,998403349,883,160968.82258634674,6883541.98898012,6883541.98898012,1.8773018082007125
3,DMSO96hr_ND4-647_TOM20-488_dsDNA-405-04-Airyscan Processing-Extended Depth of Focus_objectfeatures,258.3221139221928,33426450,1671026895,579030215,535,129398.3294440991,6468772.145087498,6468772.145087498,2.071057687926568
4,DMSO96hr_ND4-647_TOM20-488_dsDNA-405-05-Airyscan Processing-Extended Depth of Focus_objectfeatures,336.1426473547835,50014630,2307486392,921484078,827,148789.89736524507,6864604.68541664,6864604.68541664,2.460265028873705
5,DMSO96hr_ND4-647_TOM20-488_dsDNA-405-06-Airyscan Processing-Extended Depth of Focus_objectfeatures,376.0781797908416,67699674,3021717733,791365313,746,180014.89487545282,8034812.694213072,8034812.694213072,1.983630106949818
6,DMSO96hr_ND4-647_TOM20-488_dsDNA-405-07-Airyscan Processing-Extended Depth of Focus_objectfeatures,606.0995962633367,117686273,4633762867,1151745179,1211,194169.85875844068,7645216.884432198,7645216.884432198,1.9980214596180783
7,DMSO96hr_ND4-647_TOM20-488_dsDNA-405-08-Airyscan Processing-Extended Depth of Focus_objectfeatures,607.7234527219551,68963917,4129258408,1249446107,1197,113479.11075525382,6794633.9564571865,6794633.9564571865,1.9696458885019366
