,image name,total mito area,total channel 1 int,total channel 2 int,total channel 3 int,total mtDNA,avg channel 1 int,avg channel 2 int,avg channel 3 int,norm mtDNA
0,IMT1B96hr_tRNAs-647_TOM20-488_dsDNA-405-01-Airyscan Processing-Extended Depth of Focus_objectfeatures,423.5879717404308,46095286,4292219635,552774432,345,108821.04562743955,10133006.415088236,10133006.415088236,0.8144707192285703
1,IMT1B96hr_tRNAs-647_TOM20-488_dsDNA-405-02-Airyscan Processing-Extended Depth of Focus_objectfeatures,383.0077552092312,76351836,2646862838,511677182,350,199348.01570346838,6910729.0962138865,6910729.0962138865,0.9138196165474519
2,IMT1B96hr_tRNAs-647_TOM20-488_dsDNA-405-03-Airyscan Processing-Extended Depth of Focus_objectfeatures,1179.5694569590705,279220611,7801607851,1290067997,563,236714.00556592114,6613945.287386926,6613945.287386926,0.4772927924493855
3,IMT1B96hr_tRNAs-647_TOM20-488_dsDNA-405-04-Airyscan Processing-Extended Depth of Focus_objectfeatures,541.8423441557027,73309805,3442402446,577131439,430,135297.29780390483,6353144.015283528,6353144.015283528,0.793588771047462
4,IMT1B96hr_tRNAs-647_TOM20-488_dsDNA-405-05-Airyscan Processing-Extended Depth of Focus_objectfeatures,576.8172349178113,73350003,4304807643,674881559,339,127163.33451869097,7463035.745825759,7463035.745825759,0.5877078205686814
5,IMT1B96hr_tRNAs-647_TOM20-488_dsDNA-405-06-Airyscan Processing-Extended Depth of Focus_objectfeatures,679.9579697650581,94642628,4870232709,624415239,172,139188.93844674152,7162549.636241168,7162549.636241168,0.2529568115209094
6,IMT1B96hr_tRNAs-647_TOM20-488_dsDNA-405-07-Airyscan Processing-Extended Depth of Focus_objectfeatures,936.7957530619626,114447552,7086946343,1022015008,468,122169.16187538489,7565092.305164674,7565092.305164674,0.49957527931816426
7,IMT1B96hr_tRNAs-647_TOM20-488_dsDNA-405-08-Airyscan Processing-Extended Depth of Focus_objectfeatures,858.4202307125597,224422892,6414516585,1164717157,739,261437.0956911284,7472466.6957993535,7472466.6957993535,0.8608837182070709
