,image name,total mito area,total channel 1 int,total channel 2 int,total channel 3 int,total mtDNA,avg channel 1 int,avg channel 2 int,avg channel 3 int,norm mtDNA
0,IMT1B96hr_ND4-647_TOM20-488_dsDNA-405-01-Airyscan Processing-Extended Depth of Focus_objectfeatures,223.1522607242407,8772559,1427449424,196336011,60,39311.98801898156,6396750.897200022,6396750.897200022,0.2688747127421877
1,IMT1B96hr_ND4-647_TOM20-488_dsDNA-405-02-Airyscan Processing-Extended Depth of Focus_objectfeatures,481.2389248033955,28162639,3010841559,359872385,277,58521.11612024218,6256438.130456808,6256438.130456808,0.5755976620410851
2,IMT1B96hr_ND4-647_TOM20-488_dsDNA-405-03-Airyscan Processing-Extended Depth of Focus_objectfeatures,598.5116333210486,36247134,3513611501,448827162,264,60562.12107168285,5870581.79889255,5870581.79889255,0.4410941831407767
3,IMT1B96hr_ND4-647_TOM20-488_dsDNA-405-04-Airyscan Processing-Extended Depth of Focus_objectfeatures,267.31779286042416,17461903,1996925588,288227477,149,65322.63645135459,7470230.719145073,7470230.719145073,0.5573890103072864
4,IMT1B96hr_ND4-647_TOM20-488_dsDNA-405-05-Airyscan Processing-Extended Depth of Focus_objectfeatures,271.92214535436807,11403198,1683556444,224050575,109,41935.525277425964,6191317.892869647,6191317.892869647,0.40085002954780147
5,IMT1B96hr_ND4-647_TOM20-488_dsDNA-405-06-Airyscan Processing-Extended Depth of Focus_objectfeatures,626.9699202155192,27950705,4021873645,577895519,273,44580.615590604444,6414779.266631311,6414779.266631311,0.4354275878277494
6,IMT1B96hr_ND4-647_TOM20-488_dsDNA-405-07-Airyscan Processing-Extended Depth of Focus_objectfeatures,690.7176538794175,36624671,4511224471,652365736,410,53024.08414537755,6531213.507665101,6531213.507665101,0.5935855232557528
7,IMT1B96hr_ND4-647_TOM20-488_dsDNA-405-08-Airyscan Processing-Extended Depth of Focus_objectfeatures,476.90116631255586,24895462,3562297801,556083015,309,52202.560527360474,7469677.267816343,7469677.267816343,0.6479329928865906
