,image name,total mito area,total channel 1 int,total channel 2 int,total channel 3 int,total mtDNA,avg channel 1 int,avg channel 2 int,avg channel 3 int,norm mtDNA
0,IMT1B96hr_RNR2-647_TOM20-488_dsDNA-405-01-Airyscan Processing-Extended Depth of Focus_objectfeatures,821.2633801567443,547473824,4793487077,982013949,563,666623.9323802681,5836723.264204386,5836723.264204386,0.6855291659206175
1,IMT1B96hr_RNR2-647_TOM20-488_dsDNA-405-02-Airyscan Processing-Extended Depth of Focus_objectfeatures,309.84078204208083,141005170,1936915701,317140168,320,455089.1237450126,6251325.884973202,6251325.884973202,1.032788511218447
2,IMT1B96hr_RNR2-647_TOM20-488_dsDNA-405-03-Airyscan Processing-Extended Depth of Focus_objectfeatures,343.4845714401326,186868606,3479447755,554228728,299,544037.844892169,10129851.656543612,10129851.656543612,0.8704903359891203
3,IMT1B96hr_RNR2-647_TOM20-488_dsDNA-405-04-Airyscan Processing-Extended Depth of Focus_objectfeatures,279.44595132923916,48830270,2891218879,365831779,234,174739.58655593076,10346254.312318191,10346254.312318191,0.83737123006053
4,IMT1B96hr_RNR2-647_TOM20-488_dsDNA-405-05-Airyscan Processing-Extended Depth of Focus_objectfeatures,978.3383241089731,940577483,5544339556,942913141,467,961403.0850285213,5667098.404889267,5667098.404889267,0.47733998402375044
5,IMT1B96hr_RNR2-647_TOM20-488_dsDNA-405-06-Airyscan Processing-Extended Depth of Focus_objectfeatures,453.14813898665034,257225176,2879509268,433861682,236,567640.3671770962,6354454.581760579,6354454.581760579,0.520800991322073
6,IMT1B96hr_RNR2-647_TOM20-488_dsDNA-405-07-Airyscan Processing-Extended Depth of Focus_objectfeatures,587.5812792143043,224514380,5069695984,620360456,359,382099.27365319355,8628076.086391047,8628076.086391047,0.610979302267839
7,IMT1B96hr_RNR2-647_TOM20-488_dsDNA-405-08-Airyscan Processing-Extended Depth of Focus_objectfeatures,394.155495547135,238774435,1999525490,484387653,324,605787.4054719255,5072935.713415385,5072935.713415385,0.8220106117009716
