,image name,total mito area,total channel 1 int,total channel 2 int,total channel 3 int,total mtDNA,avg channel 1 int,avg channel 2 int,avg channel 3 int,norm mtDNA
0,RNaseA_tRNAs-647_TOM20-488_dsDNA-405-01-Airyscan Processing-Extended Depth of Focus_objectfeatures,793.359459297174,18677803,3943637801,1086334613,1288,23542.673854984227,4970808.31996837,4970808.31996837,1.623475947637936
1,RNaseA_tRNAs-647_TOM20-488_dsDNA-405-02-Airyscan Processing-Extended Depth of Focus_objectfeatures,750.7293342082902,15533087,4220446958,1053224385,1302,20690.66212309527,5621795.720092423,5621795.720092423,1.734313474473557
2,RNaseA_tRNAs-647_TOM20-488_dsDNA-405-03-Airyscan Processing-Extended Depth of Focus_objectfeatures,941.6368011645992,19228546,4896081828,1332948344,1500,20420.342510210397,5199543.838924536,5199543.838924536,1.5929708759734404
3,RNaseA_tRNAs-647_TOM20-488_dsDNA-405-04-Airyscan Processing-Extended Depth of Focus_objectfeatures,670.3381618775504,15842479,4803997452,1432879503,1369,23633.56273142319,7166528.366137595,7166528.366137595,2.042252817839831
4,RNaseA_tRNAs-647_TOM20-488_dsDNA-405-05-Airyscan Processing-Extended Depth of Focus_objectfeatures,656.1650779164204,15907460,3464410972,1054220861,1281,24243.076224831075,5279785.6646087505,5279785.6646087505,1.9522526314074407
5,RNaseA_tRNAs-647_TOM20-488_dsDNA-405-06-Airyscan Processing-Extended Depth of Focus_objectfeatures,412.84759700454634,10256213,3210848164,974005065,957,24842.612805342444,7777320.704532626,7777320.704532626,2.3180466761671896
6,RNaseA_tRNAs-647_TOM20-488_dsDNA-405-07-Airyscan Processing-Extended Depth of Focus_objectfeatures,774.2624837687172,15392130,4450767482,1205392155,1454,19879.731128233045,5748396.151568549,5748396.151568549,1.8779161208001003
7,RNaseA_tRNAs-647_TOM20-488_dsDNA-405-08-Airyscan Processing-Extended Depth of Focus_objectfeatures,1010.9007882997238,23586182,6871115169,2650210595,2427,23331.846480870376,6797022.268185996,6797022.268185996,2.400829070558024
