,image name,total mito area,total channel 1 int,total channel 2 int,total channel 3 int,total mtDNA,avg channel 1 int,avg channel 2 int,avg channel 3 int,norm mtDNA
0,RNaseA_ND4-647_TOM20-488_dsDNA-405-01-Airyscan Processing-Extended Depth of Focus_objectfeatures,689.1162212145831,21027365,3885026950,1435667618,942,30513.52493624194,5637694.818956012,5637694.818956012,1.3669682573132633
1,RNaseA_ND4-647_TOM20-488_dsDNA-405-02-Airyscan Processing-Extended Depth of Focus_objectfeatures,1108.8448087505008,29952107,6374497599,2051963105,2004,27011.9919069211,5748773.452060517,5748773.452060517,1.8072862714289142
2,RNaseA_ND4-647_TOM20-488_dsDNA-405-03-Airyscan Processing-Extended Depth of Focus_objectfeatures,1031.7106925874489,28620290,5677028270,1791790416,1819,27740.615858329988,5502538.948939709,5502538.948939709,1.7630911582762525
3,RNaseA_ND4-647_TOM20-488_dsDNA-405-04-Airyscan Processing-Extended Depth of Focus_objectfeatures,235.98365430717072,7834219,1867321108,756567302,526,33198.142570512544,7912925.636660329,7912925.636660329,2.228967940785112
4,RNaseA_ND4-647_TOM20-488_dsDNA-405-05-Airyscan Processing-Extended Depth of Focus_objectfeatures,392.4687278859863,13668027,2632687157,1041188437,953,34825.77344091123,6708017.658326158,6708017.658326158,2.4282189440501107
5,RNaseA_ND4-647_TOM20-488_dsDNA-405-06-Airyscan Processing-Extended Depth of Focus_objectfeatures,895.7284418805152,23496300,4197952532,1589799320,1822,26231.499304265995,4686635.296727556,4686635.296727556,2.034098633928433
6,RNaseA_ND4-647_TOM20-488_dsDNA-405-07-Airyscan Processing-Extended Depth of Focus_objectfeatures,790.4263023850717,20917284,4821712333,1463098639,1539,26463.29447398593,6100141.554564575,6100141.554564575,1.9470505920111016
7,RNaseA_ND4-647_TOM20-488_dsDNA-405-08-Airyscan Processing-Extended Depth of Focus_objectfeatures,1089.948401605667,25959971,5305938606,2046302720,2340,23817.61463364398,4868064.027786555,4868064.027786555,2.1468906202833167
