,image name,total mito area,total channel 1 int,total channel 2 int,total channel 3 int,total mtDNA,avg channel 1 int,avg channel 2 int,avg channel 3 int,norm mtDNA
0,RNaseA_RNR2-647_TOM20-488_dsDNA-405-01-Airyscan Processing-Extended Depth of Focus_objectfeatures,980.7831406073985,25953308,5028273645,1629599172,1911,26461.821095259784,5126794.534708246,5126794.534708246,1.948442954287039
1,RNaseA_RNR2-647_TOM20-488_dsDNA-405-02-Airyscan Processing-Extended Depth of Focus_objectfeatures,687.7321747803385,21213488,4394147510,2274248312,1777,30845.56572734958,6389329.554638752,6389329.554638752,2.5838546823370208
2,RNaseA_RNR2-647_TOM20-488_dsDNA-405-03-Airyscan Processing-Extended Depth of Focus_objectfeatures,708.0998320014079,19116825,3972284090,1616258564,1550,26997.358474111305,5609779.737939695,5609779.737939695,2.188956881431541
3,RNaseA_RNR2-647_TOM20-488_dsDNA-405-04-Airyscan Processing-Extended Depth of Focus_objectfeatures,845.0450601096278,24285714,6210199629,2698567382,2014,28738.95741944153,7348956.786037362,7348956.786037362,2.3833048615640964
4,RNaseA_RNR2-647_TOM20-488_dsDNA-405-05-Airyscan Processing-Extended Depth of Focus_objectfeatures,663.835884323218,18446344,4454736389,1688138642,1473,27787.506574469207,6710598.951036841,6710598.951036841,2.2189219275208756
5,RNaseA_RNR2-647_TOM20-488_dsDNA-405-06-Airyscan Processing-Extended Depth of Focus_objectfeatures,919.3369603073385,23140333,5195139875,1873820145,1975,25170.6762580981,5650963.791625696,5650963.791625696,2.1482873910995037
6,RNaseA_RNR2-647_TOM20-488_dsDNA-405-07-Airyscan Processing-Extended Depth of Focus_objectfeatures,1125.5698451142605,24439632,6542530715,2296461904,2487,21713.11900908206,5812638.587822015,5812638.587822015,2.209547466818939
7,RNaseA_RNR2-647_TOM20-488_dsDNA-405-08-Airyscan Processing-Extended Depth of Focus_objectfeatures,769.0308879078143,18428352,4477107666,1378320243,1549,23963.084304890825,5821752.723327132,5821752.723327132,2.014223387326001
