,image name,Ctr total mito area,Ctr total mito c1 int,Ctr avg mito c1 int,Ctr total mito c2 int,Ctr avg mito c2 int
0,1W-NTRKO_RNR2-647_L-HPG-488_dsDNA-405-01-Airyscan Processing-Extended Depth of Focus_objectfeatures.xlsx,370.3557519828516,1176470060,3176594.5410629767,89026320,240380.55173535456
1,1W-NTRKO_RNR2-647_L-HPG-488_dsDNA-405-02-Airyscan Processing-Extended Depth of Focus_objectfeatures.xlsx,583.9573448520375,1882839878,3224276.3869629414,127244545,217900.41022986206
2,1W-NTRKO_RNR2-647_L-HPG-488_dsDNA-405-03-Airyscan Processing-Extended Depth of Focus_objectfeatures.xlsx,574.6109826814478,2721882948,4736914.242916506,256556108,446486.6069958661
3,1W-NTRKO_RNR2-647_L-HPG-488_dsDNA-405-04-Airyscan Processing-Extended Depth of Focus_objectfeatures.xlsx,523.7494563205103,2351086050,4488951.771935101,247337887,472244.6658706233
4,1W-NTRKO_RNR2-647_L-HPG-488_dsDNA-405-05-Airyscan Processing-Extended Depth of Focus_objectfeatures.xlsx,483.8843096837808,2084139072,4307101.98758457,199047968,411354.4581143335
